recording_00.mp3,"tf.Tensor(5, shape=(), dtype=int32)"
recording_01.mp3,"tf.Tensor(0, shape=(), dtype=int32)"
recording_02.mp3,"tf.Tensor(0, shape=(), dtype=int32)"
recording_03.mp3,"tf.Tensor(0, shape=(), dtype=int32)"
recording_04.mp3,"tf.Tensor(4, shape=(), dtype=int32)"
recording_05.mp3,"tf.Tensor(0, shape=(), dtype=int32)"
recording_06.mp3,"tf.Tensor(5, shape=(), dtype=int32)"
recording_07.mp3,"tf.Tensor(2, shape=(), dtype=int32)"
recording_08.mp3,"tf.Tensor(24, shape=(), dtype=int32)"
recording_09.mp3,"tf.Tensor(0, shape=(), dtype=int32)"
recording_10.mp3,"tf.Tensor(5, shape=(), dtype=int32)"
recording_11.mp3,"tf.Tensor(2, shape=(), dtype=int32)"
recording_12.mp3,"tf.Tensor(2, shape=(), dtype=int32)"
recording_13.mp3,"tf.Tensor(0, shape=(), dtype=int32)"
recording_14.mp3,"tf.Tensor(0, shape=(), dtype=int32)"
recording_15.mp3,"tf.Tensor(2, shape=(), dtype=int32)"
recording_16.mp3,"tf.Tensor(3, shape=(), dtype=int32)"
recording_17.mp3,"tf.Tensor(3, shape=(), dtype=int32)"
recording_18.mp3,"tf.Tensor(6, shape=(), dtype=int32)"
recording_19.mp3,"tf.Tensor(0, shape=(), dtype=int32)"
recording_20.mp3,"tf.Tensor(0, shape=(), dtype=int32)"
recording_21.mp3,"tf.Tensor(1, shape=(), dtype=int32)"
recording_22.mp3,"tf.Tensor(2, shape=(), dtype=int32)"
recording_23.mp3,"tf.Tensor(5, shape=(), dtype=int32)"
recording_24.mp3,"tf.Tensor(0, shape=(), dtype=int32)"
recording_25.mp3,"tf.Tensor(3, shape=(), dtype=int32)"
recording_26.mp3,"tf.Tensor(2, shape=(), dtype=int32)"
recording_27.mp3,"tf.Tensor(0, shape=(), dtype=int32)"
recording_28.mp3,"tf.Tensor(4, shape=(), dtype=int32)"
recording_29.mp3,"tf.Tensor(0, shape=(), dtype=int32)"
recording_30.mp3,"tf.Tensor(3, shape=(), dtype=int32)"
recording_31.mp3,"tf.Tensor(1, shape=(), dtype=int32)"
recording_32.mp3,"tf.Tensor(2, shape=(), dtype=int32)"
recording_33.mp3,"tf.Tensor(0, shape=(), dtype=int32)"
recording_34.mp3,"tf.Tensor(4, shape=(), dtype=int32)"
recording_35.mp3,"tf.Tensor(0, shape=(), dtype=int32)"
recording_36.mp3,"tf.Tensor(0, shape=(), dtype=int32)"
recording_37.mp3,"tf.Tensor(4, shape=(), dtype=int32)"
recording_38.mp3,"tf.Tensor(1, shape=(), dtype=int32)"
recording_39.mp3,"tf.Tensor(8, shape=(), dtype=int32)"
recording_40.mp3,"tf.Tensor(1, shape=(), dtype=int32)"
recording_41.mp3,"tf.Tensor(0, shape=(), dtype=int32)"
recording_42.mp3,"tf.Tensor(0, shape=(), dtype=int32)"
recording_43.mp3,"tf.Tensor(5, shape=(), dtype=int32)"
recording_44.mp3,"tf.Tensor(1, shape=(), dtype=int32)"
recording_45.mp3,"tf.Tensor(5, shape=(), dtype=int32)"
recording_46.mp3,"tf.Tensor(4, shape=(), dtype=int32)"
recording_47.mp3,"tf.Tensor(5, shape=(), dtype=int32)"
recording_48.mp3,"tf.Tensor(4, shape=(), dtype=int32)"
recording_49.mp3,"tf.Tensor(0, shape=(), dtype=int32)"
recording_50.mp3,"tf.Tensor(0, shape=(), dtype=int32)"
recording_51.mp3,"tf.Tensor(5, shape=(), dtype=int32)"
recording_52.mp3,"tf.Tensor(0, shape=(), dtype=int32)"
recording_53.mp3,"tf.Tensor(0, shape=(), dtype=int32)"
recording_54.mp3,"tf.Tensor(3, shape=(), dtype=int32)"
recording_55.mp3,"tf.Tensor(0, shape=(), dtype=int32)"
recording_56.mp3,"tf.Tensor(6, shape=(), dtype=int32)"
recording_57.mp3,"tf.Tensor(4, shape=(), dtype=int32)"
recording_58.mp3,"tf.Tensor(0, shape=(), dtype=int32)"
recording_59.mp3,"tf.Tensor(6, shape=(), dtype=int32)"
recording_60.mp3,"tf.Tensor(5, shape=(), dtype=int32)"
recording_61.mp3,"tf.Tensor(9, shape=(), dtype=int32)"
recording_62.mp3,"tf.Tensor(0, shape=(), dtype=int32)"
recording_63.mp3,"tf.Tensor(5, shape=(), dtype=int32)"
recording_64.mp3,"tf.Tensor(3, shape=(), dtype=int32)"
recording_65.mp3,"tf.Tensor(5, shape=(), dtype=int32)"
recording_66.mp3,"tf.Tensor(0, shape=(), dtype=int32)"
recording_67.mp3,"tf.Tensor(0, shape=(), dtype=int32)"
recording_68.mp3,"tf.Tensor(1, shape=(), dtype=int32)"
recording_69.mp3,"tf.Tensor(1, shape=(), dtype=int32)"
recording_70.mp3,"tf.Tensor(4, shape=(), dtype=int32)"
recording_71.mp3,"tf.Tensor(5, shape=(), dtype=int32)"
recording_72.mp3,"tf.Tensor(4, shape=(), dtype=int32)"
recording_73.mp3,"tf.Tensor(0, shape=(), dtype=int32)"
recording_74.mp3,"tf.Tensor(0, shape=(), dtype=int32)"
recording_75.mp3,"tf.Tensor(1, shape=(), dtype=int32)"
recording_76.mp3,"tf.Tensor(2, shape=(), dtype=int32)"
recording_77.mp3,"tf.Tensor(3, shape=(), dtype=int32)"
recording_78.mp3,"tf.Tensor(8, shape=(), dtype=int32)"
recording_79.mp3,"tf.Tensor(0, shape=(), dtype=int32)"
recording_80.mp3,"tf.Tensor(1, shape=(), dtype=int32)"
recording_81.mp3,"tf.Tensor(5, shape=(), dtype=int32)"
recording_82.mp3,"tf.Tensor(0, shape=(), dtype=int32)"
recording_83.mp3,"tf.Tensor(0, shape=(), dtype=int32)"
recording_84.mp3,"tf.Tensor(6, shape=(), dtype=int32)"
recording_85.mp3,"tf.Tensor(0, shape=(), dtype=int32)"
recording_86.mp3,"tf.Tensor(7, shape=(), dtype=int32)"
recording_87.mp3,"tf.Tensor(23, shape=(), dtype=int32)"
recording_88.mp3,"tf.Tensor(0, shape=(), dtype=int32)"
recording_89.mp3,"tf.Tensor(4, shape=(), dtype=int32)"
recording_90.mp3,"tf.Tensor(0, shape=(), dtype=int32)"
recording_91.mp3,"tf.Tensor(0, shape=(), dtype=int32)"
recording_92.mp3,"tf.Tensor(0, shape=(), dtype=int32)"
recording_93.mp3,"tf.Tensor(5, shape=(), dtype=int32)"
recording_94.mp3,"tf.Tensor(3, shape=(), dtype=int32)"
recording_95.mp3,"tf.Tensor(5, shape=(), dtype=int32)"
recording_96.mp3,"tf.Tensor(1, shape=(), dtype=int32)"
recording_97.mp3,"tf.Tensor(4, shape=(), dtype=int32)"
recording_98.mp3,"tf.Tensor(21, shape=(), dtype=int32)"
recording_99.mp3,"tf.Tensor(5, shape=(), dtype=int32)"
